ds,trend,yhat_lower,yhat_upper,trend_lower,trend_upper,additive_terms,additive_terms_lower,additive_terms_upper,weekly,weekly_lower,weekly_upper,multiplicative_terms,multiplicative_terms_lower,multiplicative_terms_upper,yhat
2018-04-28,43.93290302,19.341678846471623,47.54979958312698,43.93290302,43.93290302,-10.968499886306974,-10.968499886306974,-10.968499886306974,-10.968499886306974,-10.968499886306974,-10.968499886306974,0.0,0.0,0.0,32.964403133693025
2018-04-29,43.8585418202,5.143095934048917,34.2161790526542,43.8585418202,43.8585418202,-23.341087339885387,-23.341087339885387,-23.341087339885387,-23.341087339885387,-23.341087339885387,-23.341087339885387,0.0,0.0,0.0,20.517454480314615
2018-04-30,43.7841806204,44.74857689999189,72.49224087276203,43.7841806204,43.7841806204,15.266866267692867,15.266866267692867,15.266866267692867,15.266866267692867,15.266866267692867,15.266866267692867,0.0,0.0,0.0,59.05104688809287
2018-05-01,43.7098194206,39.192041020916385,65.72709091034739,43.7098194206,43.7098194206,8.631804642513261,8.631804642513261,8.631804642513261,8.631804642513261,8.631804642513261,8.631804642513261,0.0,0.0,0.0,52.34162406311326
2018-05-02,43.6354582208,37.28591583647337,64.08995498715629,43.6354582208,43.6354582208,7.077521191864665,7.077521191864665,7.077521191864665,7.077521191864665,7.077521191864665,7.077521191864665,0.0,0.0,0.0,50.712979412664666
2018-05-03,43.561097021,31.15611074327954,59.56198324424105,43.561097021,43.561097021,2.168193160003695,2.168193160003695,2.168193160003695,2.168193160003695,2.168193160003695,2.168193160003695,0.0,0.0,0.0,45.7292901810037
2018-05-04,43.48673582119999,31.118072181294654,59.363015735899545,43.48673582119999,43.48673582119999,1.1652019641514484,1.1652019641514484,1.1652019641514484,1.1652019641514484,1.1652019641514484,1.1652019641514484,0.0,0.0,0.0,44.65193778535144
2018-05-05,43.415745691297,18.547084780392137,46.187235041936766,43.415745691297,43.415745691297,-10.96849988631051,-10.96849988631051,-10.96849988631051,-10.96849988631051,-10.96849988631051,-10.96849988631051,0.0,0.0,0.0,32.44724580498649
2018-05-06,43.344755561394,7.111937096980906,34.54183616447466,43.344755561394,43.344755561394,-23.341087339890947,-23.341087339890947,-23.341087339890947,-23.341087339890947,-23.341087339890947,-23.341087339890947,0.0,0.0,0.0,20.003668221503055
2018-05-07,43.273765431491,44.09076667958967,71.78806509830524,43.273765431491,43.273765431491,15.266866267663346,15.266866267663346,15.266866267663346,15.266866267663346,15.266866267663346,15.266866267663346,0.0,0.0,0.0,58.540631699154346
2018-05-08,43.202775301588,37.07834666704982,66.17273212877278,43.202775301588,43.202775301588,8.631804642488232,8.631804642488232,8.631804642488232,8.631804642488232,8.631804642488232,8.631804642488232,0.0,0.0,0.0,51.83457994407623
2018-05-09,43.131785171684996,36.12312282270711,64.52104482156102,43.131785171684996,43.131785171684996,7.077521191890979,7.077521191890979,7.077521191890979,7.077521191890979,7.077521191890979,7.077521191890979,0.0,0.0,0.0,50.209306363575976
2018-05-10,43.060795041782,31.951623617906048,58.7676132172304,43.060795041782,43.060795041782,2.1681931600202566,2.1681931600202566,2.1681931600202566,2.1681931600202566,2.1681931600202566,2.1681931600202566,0.0,0.0,0.0,45.22898820180226
2018-05-11,42.98980491187899,31.473715790772,58.0582334645564,42.98980491187899,42.98980491187899,1.1652019641795082,1.1652019641795082,1.1652019641795082,1.1652019641795082,1.1652019641795082,1.1652019641795082,0.0,0.0,0.0,44.1550068760585
2018-05-12,42.92012649702599,17.845649983880765,45.84629871695782,42.92012649702599,42.92012649702599,-10.968499886319318,-10.968499886319318,-10.968499886319318,-10.968499886319318,-10.968499886319318,-10.968499886319318,0.0,0.0,0.0,31.951626610706672
2018-05-13,42.850448082173,5.943554299017289,33.459342978508424,42.850448082173,42.850448082173,-23.341087339904682,-23.341087339904682,-23.341087339904682,-23.341087339904682,-23.341087339904682,-23.341087339904682,0.0,0.0,0.0,19.50936074226832
2018-05-14,42.780769667319994,43.7296633493809,70.93999746741682,42.780769667319994,42.780769667319994,15.26686626767963,15.26686626767963,15.26686626767963,15.26686626767963,15.26686626767963,15.26686626767963,0.0,0.0,0.0,58.047635934999626
2018-05-15,42.71109125246699,38.09170655012059,65.25037806549385,42.71109125246699,42.71109125246699,8.63180464251172,8.63180464251172,8.63180464251172,8.63180464251172,8.63180464251172,8.63180464251172,0.0,0.0,0.0,51.34289589497871
2018-05-16,42.64141283761399,34.95809667431778,63.04616512732716,42.64141283761399,42.64141283761399,7.077521191875123,7.077521191875123,7.077521191875123,7.077521191875123,7.077521191875123,7.077521191875123,0.0,0.0,0.0,49.71893402948911
2018-05-17,42.571734422761004,31.53940993220399,58.417201844291675,42.571734422761004,42.571734422761004,2.1681931599719113,2.1681931599719113,2.1681931599719113,2.1681931599719113,2.1681931599719113,2.1681931599719113,0.0,0.0,0.0,44.73992758273292
2018-05-18,42.5020560185992,29.44984571739558,58.06257213908195,42.5020560185992,42.5020560185992,1.1652019641590858,1.1652019641590858,1.1652019641590858,1.1652019641590858,1.1652019641590858,1.1652019641590858,0.0,0.0,0.0,43.66725798275829
2018-05-19,42.4323776144374,18.00765722267527,46.17669984480625,42.4323776144374,42.4323776144374,-10.968499886363103,-10.968499886363103,-10.968499886363103,-10.968499886363103,-10.968499886363103,-10.968499886363103,0.0,0.0,0.0,31.463877728074294
2018-05-20,42.36269921027559,4.906978440987569,33.25150835109519,42.36269921027559,42.36269921027559,-23.341087339875465,-23.341087339875465,-23.341087339875465,-23.341087339875465,-23.341087339875465,-23.341087339875465,0.0,0.0,0.0,19.02161187040013
2018-05-21,42.293020806113795,44.51788737428326,70.3033684651095,42.293020806113795,42.293020806113795,15.266866267695914,15.266866267695914,15.266866267695914,15.266866267695914,15.266866267695914,15.266866267695914,0.0,0.0,0.0,57.559887073809705
2018-05-22,42.22334240195199,37.4337217379743,65.18616315338974,42.22334240195199,42.22334240195199,8.631804642504017,8.631804642504017,8.631804642504017,8.631804642504017,8.631804642504017,8.631804642504017,0.0,0.0,0.0,50.855147044456004
2018-05-23,42.15366399779019,36.202033158350496,63.26641339681638,42.15366399779019,42.15366399779019,7.077521191918661,7.077521191918661,7.077521191918661,7.077521191918661,7.077521191918661,7.077521191918661,0.0,0.0,0.0,49.23118518970885
2018-05-24,42.0839856345999,30.148307926131015,58.12719914530622,42.0839856345999,42.0839856345999,2.1681931600401976,2.1681931600401976,2.1681931600401976,2.1681931600401976,2.1681931600401976,2.1681931600401976,0.0,0.0,0.0,44.252178794640095
2018-05-25,42.01430727140959,30.207821616505825,57.89060598547226,42.01430727140959,42.01430727140959,1.1652019641386655,1.1652019641386655,1.1652019641386655,1.1652019641386655,1.1652019641386655,1.1652019641386655,0.0,0.0,0.0,43.17950923554826
2018-05-26,41.9446289082193,16.130071097279234,45.439766143270546,41.9446289082193,41.9446289082193,-10.9684998863264,-10.9684998863264,-10.9684998863264,-10.9684998863264,-10.9684998863264,-10.9684998863264,0.0,0.0,0.0,30.976129021892902
2018-05-27,41.87495054502901,5.571866356702756,32.96528400552282,41.87495054502901,41.87495054502901,-23.341087339867727,-23.341087339867727,-23.341087339867727,-23.341087339867727,-23.341087339867727,-23.341087339867727,0.0,0.0,0.0,18.533863205161282
2018-05-28,41.80527218183872,43.119514550948125,70.64807532000603,41.80527218183872,41.80527218183872,15.266866267620582,15.266866267620582,15.266866267620582,15.266866267620582,15.266866267620582,15.266866267620582,0.0,0.0,0.0,57.0721384494593
2018-05-29,41.73559381864841,36.102882455254566,64.56726165701964,41.73559381864841,41.73559381864841,8.631804642503244,8.631804642503244,8.631804642503244,8.631804642503244,8.631804642503244,8.631804642503244,0.0,0.0,0.0,50.36739846115165
2018-05-30,41.66591545545812,36.0659365742461,62.78730422640701,41.66591545545812,41.66591545545812,7.077521191944971,7.077521191944971,7.077521191944971,7.077521191944971,7.077521191944971,7.077521191944971,0.0,0.0,0.0,48.74343664740309
2018-05-31,41.59623709624861,29.683209241107523,57.52095472433657,41.59623709624861,41.59623709624861,2.168193160005035,2.168193160005035,2.168193160005035,2.168193160005035,2.168193160005035,2.168193160005035,0.0,0.0,0.0,43.76443025625364
2018-06-01,41.5265587370391,28.412318667713237,56.61024872699226,41.5265587370391,41.5265587370391,1.1652019641182434,1.1652019641182434,1.1652019641182434,1.1652019641182434,1.1652019641182434,1.1652019641182434,0.0,0.0,0.0,42.69176070115735
2018-06-02,41.45688037782959,16.611795008673518,44.70877215679402,41.45688037782959,41.45688037782959,-10.96849988633521,-10.96849988633521,-10.96849988633521,-10.96849988633521,-10.96849988633521,-10.96849988633521,0.0,0.0,0.0,30.488380491494382
2018-06-03,41.387202018620094,4.392901733838776,31.591598983669726,41.387202018620094,41.387202018620094,-23.34108733987329,-23.34108733987329,-23.34108733987329,-23.34108733987329,-23.34108733987329,-23.34108733987329,0.0,0.0,0.0,18.046114678746804
2018-06-04,41.317523659410575,43.20472268547427,70.55924940342524,41.317523659410575,41.317523659410575,15.266866267636868,15.266866267636868,15.266866267636868,15.266866267636868,15.266866267636868,15.266866267636868,0.0,0.0,0.0,56.58438992704744
2018-06-05,41.24784530020108,36.317667114287524,63.21856474604232,41.24784530020108,41.24784530020108,8.631804642502473,8.631804642502473,8.631804642502473,8.631804642502473,8.631804642502473,8.631804642502473,0.0,0.0,0.0,49.87964994270355
2018-06-06,41.17816694084834,35.52205256270514,61.906408211399985,41.17816694084834,41.17816694084834,7.077521191886952,7.077521191886952,7.077521191886952,7.077521191886952,7.077521191886952,7.077521191886952,0.0,0.0,0.0,48.255688132735294
2018-06-07,41.108488581495614,29.97778955450156,56.85616718152023,41.108488581495614,41.108488581495614,2.168193160046954,2.168193160046954,2.168193160046954,2.168193160046954,2.168193160046954,2.168193160046954,0.0,0.0,0.0,43.27668174154257
2018-06-08,41.038810222142885,28.031700217498994,55.64012009721361,41.038810222142885,41.038810222142885,1.1652019641731013,1.1652019641731013,1.1652019641731013,1.1652019641731013,1.1652019641731013,1.1652019641731013,0.0,0.0,0.0,42.204012186315985
2018-06-09,40.96913186279015,15.322119902057088,42.76756066908645,40.96913186279015,40.96913186279015,-10.968499886338748,-10.968499886338748,-10.968499886338748,-10.968499886338748,-10.968499886338748,-10.968499886338748,0.0,0.0,0.0,30.000631976451402
2018-06-10,40.899453503437414,3.521914487990253,31.583983531407135,40.899453503437414,40.899453503437414,-23.341087339844066,-23.341087339844066,-23.341087339844066,-23.341087339844066,-23.341087339844066,-23.341087339844066,0.0,0.0,0.0,17.558366163593348
2018-06-11,40.829775144084685,42.448890054433946,69.56990060113131,40.829775144084685,40.829775144084685,15.266866267654692,15.266866267654692,15.266866267654692,15.266866267654692,15.266866267654692,15.266866267654692,0.0,0.0,0.0,56.09664141173938
2018-06-12,40.76009678473195,35.50463712440514,62.96777655740066,40.76009678473195,40.76009678473195,8.631804642501702,8.631804642501702,8.631804642501702,8.631804642501702,8.631804642501702,8.631804642501702,0.0,0.0,0.0,49.39190142723365
2018-06-13,40.6904184265811,34.83780643607855,62.249501313606,40.6904184265811,40.6904184265811,7.077521191930492,7.077521191930492,7.077521191930492,7.077521191930492,7.077521191930492,7.077521191930492,0.0,0.0,0.0,47.76793961851159
2018-06-14,40.620740068430244,29.554112955337498,56.67309579607028,40.620740068430244,40.620740068430244,2.168193160011792,2.168193160011792,2.168193160011792,2.168193160011792,2.168193160011792,2.168193160011792,0.0,0.0,0.0,42.78893322844203
2018-06-15,40.55106171027939,28.267886600434743,56.868607669121744,40.55106171027939,40.55106171027939,1.1652019641526798,1.1652019641526798,1.1652019641526798,1.1652019641526798,1.1652019641526798,1.1652019641526798,0.0,0.0,0.0,41.71626367443207
2018-06-16,40.48138335212853,16.345271911755585,43.837370398853544,40.48138335212853,40.48138335212853,-10.968499886342288,-10.968499886342288,-10.968499886342288,-10.968499886342288,-10.968499886342288,-10.968499886342288,0.0,0.0,0.0,29.512883465786246
2018-06-17,40.41170499397768,2.6730146925762535,30.349294026050032,40.41170499397768,40.41170499397768,-23.341087339857804,-23.341087339857804,-23.341087339857804,-23.341087339857804,-23.341087339857804,-23.341087339857804,0.0,0.0,0.0,17.070617654119875
2018-06-18,40.34202663582683,40.77115786666643,69.27237088017021,40.34202663582683,40.34202663582683,15.266866267623628,15.266866267623628,15.266866267623628,15.266866267623628,15.266866267623628,15.266866267623628,0.0,0.0,0.0,55.60889290345045
2018-06-19,40.27234827686915,34.51058263833907,62.96649684442336,40.27234827686915,40.27234827686915,8.631804642494005,8.631804642494005,8.631804642494005,8.631804642494005,8.631804642494005,8.631804642494005,0.0,0.0,0.0,48.904152919363156
2018-06-20,40.202669917911486,33.82161896048241,60.64878997383297,40.202669917911486,40.202669917911486,7.077521191914636,7.077521191914636,7.077521191914636,7.077521191914636,7.077521191914636,7.077521191914636,0.0,0.0,0.0,47.28019110982612
2018-06-21,40.13299155895382,28.755217386113237,55.494825220277356,40.13299155895382,40.13299155895382,2.1681931600283537,2.1681931600283537,2.1681931600283537,2.1681931600283537,2.1681931600283537,2.1681931600283537,0.0,0.0,0.0,42.30118471898217
2018-06-22,40.06331319999615,28.11535742265589,54.73074342020784,40.06331319999615,40.06331319999615,1.1652019641832971,1.1652019641832971,1.1652019641832971,1.1652019641832971,1.1652019641832971,1.1652019641832971,0.0,0.0,0.0,41.22851516417945
2018-06-23,39.99363484103848,13.919673695271253,42.647078285220886,39.99363484103848,39.99363484103848,-10.968499886345827,-10.968499886345827,-10.968499886345827,-10.968499886345827,-10.968499886345827,-10.968499886345827,0.0,0.0,0.0,29.025134954692653
2018-06-24,39.923956482080804,2.159686266486185,30.128828472373417,39.923956482080804,39.923956482080804,-23.341087339941097,-23.341087339941097,-23.341087339941097,-23.341087339941097,-23.341087339941097,-23.341087339941097,0.0,0.0,0.0,16.582869142139707
2018-06-25,39.85427812642324,41.35748851152689,68.90327469853489,39.85427812642324,39.85427812642324,15.266866267641452,15.266866267641452,15.266866267641452,15.266866267641452,15.266866267641452,15.266866267641452,0.0,0.0,0.0,55.12114439406469
2018-06-26,39.78459977076567,34.88878881351616,61.41651870507025,39.78459977076567,39.78459977076567,8.631804642493234,8.631804642493234,8.631804642493234,8.631804642493234,8.631804642493234,8.631804642493234,0.0,0.0,0.0,48.4164044132589
2018-06-27,39.7149214151081,32.59589689225756,59.5426539146292,39.7149214151081,39.7149214151081,7.077521191898782,7.077521191898782,7.077521191898782,7.077521191898782,7.077521191898782,7.077521191898782,0.0,0.0,0.0,46.79244260700688
2018-06-28,39.645243059450536,29.984709973665286,55.520323623519445,39.645243059450536,39.645243059450536,2.168193160044916,2.168193160044916,2.168193160044916,2.168193160044916,2.168193160044916,2.168193160044916,0.0,0.0,0.0,41.81343621949545
2018-06-29,39.57556470379296,26.346011029918607,54.52336140283621,39.57556470379296,39.57556470379296,1.165201964136081,1.165201964136081,1.165201964136081,1.165201964136081,1.165201964136081,1.165201964136081,0.0,0.0,0.0,40.740766667929044
2018-06-30,39.5058863481354,14.027594984766985,41.55959930629981,39.5058863481354,39.5058863481354,-10.968499886354637,-10.968499886354637,-10.968499886354637,-10.968499886354637,-10.968499886354637,-10.968499886354637,0.0,0.0,0.0,28.537386461780763
2018-07-01,39.43620799247783,2.538518868312563,30.6851209099572,39.43620799247783,39.43620799247783,-23.34108733991188,-23.34108733991188,-23.34108733991188,-23.34108733991188,-23.34108733991188,-23.34108733991188,0.0,0.0,0.0,16.095120652565953
2018-07-02,39.36652963956581,41.03166285458221,69.17312960509247,39.36652963956581,39.36652963956581,15.266866267657738,15.266866267657738,15.266866267657738,15.266866267657738,15.266866267657738,15.266866267657738,0.0,0.0,0.0,54.63339590722355
2018-07-03,39.2968512866538,34.71160736065243,61.471873499560374,39.2968512866538,39.2968512866538,8.631804642468207,8.631804642468207,8.631804642468207,8.631804642468207,8.631804642468207,8.631804642468207,0.0,0.0,0.0,47.928655929122
2018-07-04,39.22717293374178,33.22545771047761,61.0785022227772,39.22717293374178,39.22717293374178,7.077521191882927,7.077521191882927,7.077521191882927,7.077521191882927,7.077521191882927,7.077521191882927,0.0,0.0,0.0,46.30469412562471
2018-07-05,39.15749458082976,28.182147330343412,55.15627475336821,39.15749458082976,39.15749458082976,2.168193160048294,2.168193160048294,2.168193160048294,2.168193160048294,2.168193160048294,2.168193160048294,0.0,0.0,0.0,41.32568774087806
2018-07-06,39.08781622791774,25.11828118011437,52.51949131039014,39.08781622791774,39.08781622791774,1.1652019641666955,1.1652019641666955,1.1652019641666955,1.1652019641666955,1.1652019641666955,1.1652019641666955,0.0,0.0,0.0,40.25301819208444
2018-07-07,39.01813787500572,13.767263157509188,41.63630495868799,39.01813787500572,39.01813787500572,-10.968499886358176,-10.968499886358176,-10.968499886358176,-10.968499886358176,-10.968499886358176,-10.968499886358176,0.0,0.0,0.0,28.049637988647547
2018-07-08,38.94845952202361,1.5750075128443852,29.27878341443587,38.94845952202361,38.94845952202361,-23.341087339882666,-23.341087339882666,-23.341087339882666,-23.341087339882666,-23.341087339882666,-23.341087339882666,0.0,0.0,0.0,15.607372182140946
2018-07-09,38.8787811690415,40.042809864155686,67.74700959446567,38.8787811690415,38.8787811690415,15.26686626767402,15.26686626767402,15.26686626767402,15.26686626767402,15.26686626767402,15.26686626767402,0.0,0.0,0.0,54.14564743671552
2018-07-10,38.80910281605939,33.34108104366887,60.85507240268284,38.80910281605939,38.80910281605939,8.63180464250902,8.63180464250902,8.63180464250902,8.63180464250902,8.63180464250902,8.63180464250902,0.0,0.0,0.0,47.440907458568404
2018-07-11,38.739424463077285,32.2863948033301,59.69769122957699,38.739424463077285,38.739424463077285,7.077521191901527,7.077521191901527,7.077521191901527,7.077521191901527,7.077521191901527,7.077521191901527,0.0,0.0,0.0,45.81694565497881
2018-07-12,38.66974611009517,27.045985321086174,54.48978586097096,38.66974611009517,38.66974611009517,2.168193160013132,2.168193160013132,2.168193160013132,2.168193160013132,2.168193160013132,2.168193160013132,0.0,0.0,0.0,40.8379392701083
2018-07-13,38.60006775711307,26.294478641000865,53.34018728680316,38.60006775711307,38.60006775711307,1.165201964146275,1.165201964146275,1.165201964146275,1.165201964146275,1.165201964146275,1.165201964146275,0.0,0.0,0.0,39.765269721259344
2018-07-14,38.53038941196914,13.354581311161825,41.14544764895573,38.53038941196914,38.53038941196914,-10.968499886401958,-10.968499886401958,-10.968499886401958,-10.968499886401958,-10.968499886401958,-10.968499886401958,0.0,0.0,0.0,27.56188952556718
2018-07-15,38.460711066825205,1.2308876569091327,29.881126978914942,38.460711066825205,38.460711066825205,-23.3410873399097,-23.3410873399097,-23.3410873399097,-23.3410873399097,-23.3410873399097,-23.3410873399097,0.0,0.0,0.0,15.119623726915506
2018-07-16,38.39103272168128,39.230508280040254,67.83156624397141,38.39103272168128,38.39103272168128,15.266866267644495,15.266866267644495,15.266866267644495,15.266866267644495,15.266866267644495,15.266866267644495,0.0,0.0,0.0,53.65789898932577
2018-07-17,38.32135437653735,33.570964105746185,60.61432743012832,38.32135437653735,38.32135437653735,8.631804642483992,8.631804642483992,8.631804642483992,8.631804642483992,8.631804642483992,8.631804642483992,0.0,0.0,0.0,46.95315901902134
2018-07-18,38.25167603139342,31.5538290306537,59.0422002916945,38.25167603139342,38.25167603139342,7.0775211918856735,7.0775211918856735,7.0775211918856735,7.0775211918856735,7.0775211918856735,7.0775211918856735,0.0,0.0,0.0,45.329197223279095
2018-07-19,38.181997686249495,26.094979383038112,54.52000208018476,38.181997686249495,38.181997686249495,2.1681931599779705,2.1681931599779705,2.1681931599779705,2.1681931599779705,2.1681931599779705,2.1681931599779705,0.0,0.0,0.0,40.35019084622746
2018-07-20,38.11231934110557,25.1388918164027,53.967483688506306,38.11231934110557,38.11231934110557,1.1652019641258538,1.1652019641258538,1.1652019641258538,1.1652019641258538,1.1652019641258538,1.1652019641258538,0.0,0.0,0.0,39.277521305231424
2018-07-21,38.042641003161954,12.742532572416414,41.018494360479345,38.042641003161954,38.042641003161954,-10.968499886255065,-10.968499886255065,-10.968499886255065,-10.968499886255065,-10.968499886255065,-10.968499886255065,0.0,0.0,0.0,27.074141116906887
2018-07-22,37.97296266521834,1.2637955631702602,28.70427522796114,37.97296266521834,37.97296266521834,-23.34108733990196,-23.34108733990196,-23.34108733990196,-23.34108733990196,-23.34108733990196,-23.34108733990196,0.0,0.0,0.0,14.63187532531638
2018-07-23,37.903284327274726,39.92081504172346,67.37503167390456,37.903284327274726,37.903284327274726,15.266866267662321,15.266866267662321,15.266866267662321,15.266866267662321,15.266866267662321,15.266866267662321,0.0,0.0,0.0,53.17015059493705
2018-07-24,37.83360598933111,32.250021032612764,60.70510108494171,37.83360598933111,37.83360598933111,8.631804642483223,8.631804642483223,8.631804642483223,8.631804642483223,8.631804642483223,8.631804642483223,0.0,0.0,0.0,46.465410631814336
2018-07-25,37.7639276513875,30.77636088401648,57.78906455866168,37.7639276513875,37.7639276513875,7.077521191911983,7.077521191911983,7.077521191911983,7.077521191911983,7.077521191911983,7.077521191911983,0.0,0.0,0.0,44.84144884329948
2018-07-26,37.69424931344389,25.68547194961139,53.501197788283335,37.69424931344389,37.69424931344389,2.1681931599813486,2.1681931599813486,2.1681931599813486,2.1681931599813486,2.1681931599813486,2.1681931599813486,0.0,0.0,0.0,39.86244247342524
2018-07-27,37.62457097503663,24.431743545344307,52.3205902513603,37.62457097503663,37.62457097503663,1.1652019641296738,1.1652019641296738,1.1652019641296738,1.1652019641296738,1.1652019641296738,1.1652019641296738,0.0,0.0,0.0,38.789772939166305
2018-07-28,37.554892636629376,11.540469685217895,39.483413666397084,37.554892636629376,37.554892636629376,-10.96849988629885,-10.96849988629885,-10.96849988629885,-10.96849988629885,-10.96849988629885,-10.96849988629885,0.0,0.0,0.0,26.586392750330525
2018-07-29,37.48521429822212,0.7667664413370753,28.182527766121705,37.48521429822212,37.48521429822212,-23.34108733989422,-23.34108733989422,-23.34108733989422,-23.34108733989422,-23.34108733989422,-23.34108733989422,0.0,0.0,0.0,14.144126958327899
2018-07-30,37.41553595981486,39.458831163614896,66.26086904328619,37.41553595981486,37.41553595981486,15.266866267680147,15.266866267680147,15.266866267680147,15.266866267680147,15.266866267680147,15.266866267680147,0.0,0.0,0.0,52.682402227495004
2018-07-31,37.3458576214076,30.98974958108231,58.94162308783613,37.3458576214076,37.3458576214076,8.631804642482452,8.631804642482452,8.631804642482452,8.631804642482452,8.631804642482452,8.631804642482452,0.0,0.0,0.0,45.97766226389005
2018-08-01,37.27617928300034,30.627151898327863,57.79125996204627,37.27617928300034,37.27617928300034,7.077521191871192,7.077521191871192,7.077521191871192,7.077521191871192,7.077521191871192,7.077521191871192,0.0,0.0,0.0,44.35370047487153
2018-08-02,37.206500938903716,25.380942539392937,54.16554479409379,37.206500938903716,37.206500938903716,2.1681931599979105,2.1681931599979105,2.1681931599979105,2.1681931599979105,2.1681931599979105,2.1681931599979105,0.0,0.0,0.0,39.37469409890163
2018-08-03,37.136822594807086,24.667150382775127,51.93472182973568,37.136822594807086,37.136822594807086,1.16520196416029,1.16520196416029,1.16520196416029,1.16520196416029,1.16520196416029,1.16520196416029,0.0,0.0,0.0,38.302024558967375
2018-08-04,37.067144250710456,12.41786540255361,38.60143029886245,37.067144250710456,37.067144250710456,-10.968499886302387,-10.968499886302387,-10.968499886302387,-10.968499886302387,-10.968499886302387,-10.968499886302387,0.0,0.0,0.0,26.098644364408067
2018-08-05,36.997465906613826,-0.2832465005430962,27.444859294258226,36.997465906613826,36.997465906613826,-23.341087339865005,-23.341087339865005,-23.341087339865005,-23.341087339865005,-23.341087339865005,-23.341087339865005,0.0,0.0,0.0,13.65637856674882
2018-08-06,36.927787562517196,38.318512532736065,66.5498644893037,36.927787562517196,36.927787562517196,15.266866267650622,15.266866267650622,15.266866267650622,15.266866267650622,15.266866267650622,15.266866267650622,0.0,0.0,0.0,52.194653830167816
2018-08-07,36.858109218420566,31.976853551834946,58.35694740036879,36.858109218420566,36.858109218420566,8.631804642516336,8.631804642516336,8.631804642516336,8.631804642516336,8.631804642516336,8.631804642516336,0.0,0.0,0.0,45.4899138609369
2018-08-08,36.788430874323936,29.634731305675686,57.54688376611476,36.788430874323936,36.788430874323936,7.077521191897501,7.077521191897501,7.077521191897501,7.077521191897501,7.077521191897501,7.077521191897501,0.0,0.0,0.0,43.86595206622144
2018-08-09,36.718752531107484,25.803970858724163,52.4577377294997,36.718752531107484,36.718752531107484,2.1681931600144733,2.1681931600144733,2.1681931600144733,2.1681931600144733,2.1681931600144733,2.1681931600144733,0.0,0.0,0.0,38.88694569112196
2018-08-10,36.64907418789103,24.540948449731093,51.044617218714265,36.64907418789103,36.64907418789103,1.1652019641909077,1.1652019641909077,1.1652019641909077,1.1652019641909077,1.1652019641909077,1.1652019641909077,0.0,0.0,0.0,37.81427615208194
2018-08-11,36.57939584467457,11.735595612692464,38.156170387947085,36.57939584467457,36.57939584467457,-10.968499886311198,-10.968499886311198,-10.968499886311198,-10.968499886311198,-10.968499886311198,-10.968499886311198,0.0,0.0,0.0,25.610895958363372
2018-08-12,36.50971750145812,-0.7883624457523117,25.885540994861444,36.50971750145812,36.50971750145812,-23.341087339913514,-23.341087339913514,-23.341087339913514,-23.341087339913514,-23.341087339913514,-23.341087339913514,0.0,0.0,0.0,13.168630161544606
2018-08-13,36.44003915824167,38.39652021048443,66.2457201609713,36.44003915824167,36.44003915824167,15.266866267666908,15.266866267666908,15.266866267666908,15.266866267666908,15.266866267666908,15.266866267666908,0.0,0.0,0.0,51.70690542590857
2018-08-14,36.37036081502522,30.54989942002106,59.03467004985512,36.37036081502522,36.37036081502522,8.631804642515565,8.631804642515565,8.631804642515565,8.631804642515565,8.631804642515565,8.631804642515565,0.0,0.0,0.0,45.002165457540784
2018-08-15,36.300682474097236,29.635504620518205,57.7240759855014,36.300682474097236,36.300682474097236,7.077521191881648,7.077521191881648,7.077521191881648,7.077521191881648,7.077521191881648,7.077521191881648,0.0,0.0,0.0,43.37820366597889
2018-08-16,36.23100413316925,25.51995322077326,52.534083761531065,36.23100413316925,36.23100413316925,2.1681931599793116,2.1681931599793116,2.1681931599793116,2.1681931599793116,2.1681931599793116,2.1681931599793116,0.0,0.0,0.0,38.39919729314856
2018-08-17,36.16132579224126,24.479845300557674,51.39604202746011,36.16132579224126,36.16132579224126,1.1652019641947242,1.1652019641947242,1.1652019641947242,1.1652019641947242,1.1652019641947242,1.1652019641947242,0.0,0.0,0.0,37.32652775643598
2018-08-18,36.09164745131328,11.79443968978676,39.92704288355697,36.09164745131328,36.09164745131328,-10.968499886314737,-10.968499886314737,-10.968499886314737,-10.968499886314737,-10.968499886314737,-10.968499886314737,0.0,0.0,0.0,25.12314756499854
2018-08-19,36.021969110385285,-0.45672080119865666,27.197478079769603,36.021969110385285,36.021969110385285,-23.3410873398843,-23.3410873398843,-23.3410873398843,-23.3410873398843,-23.3410873398843,-23.3410873398843,0.0,0.0,0.0,12.680881770500985
2018-08-20,35.9522907694573,37.064636424626656,65.24033164376546,35.9522907694573,35.9522907694573,15.26686626768319,15.26686626768319,15.26686626768319,15.26686626768319,15.26686626768319,15.26686626768319,0.0,0.0,0.0,51.21915703714049
2018-08-21,35.88261242142067,29.872044708751318,57.80176967734076,35.88261242142067,35.88261242142067,8.631804642514792,8.631804642514792,8.631804642514792,8.631804642514792,8.631804642514792,8.631804642514792,0.0,0.0,0.0,44.51441706393546
2018-08-22,35.81293407338403,29.41195172136996,57.44144868416504,35.81293407338403,35.81293407338403,7.077521191925183,7.077521191925183,7.077521191925183,7.077521191925183,7.077521191925183,7.077521191925183,0.0,0.0,0.0,42.890455265309214
2018-08-23,35.743255725347396,23.809938888097147,52.89038483838705,35.743255725347396,35.743255725347396,2.168193160034414,2.168193160034414,2.168193160034414,2.168193160034414,2.168193160034414,2.168193160034414,0.0,0.0,0.0,37.91144888538181
2018-08-24,35.67357737731076,23.169914591011274,50.81055309709281,35.67357737731076,35.67357737731076,1.1652019640964693,1.1652019640964693,1.1652019640964693,1.1652019640964693,1.1652019640964693,1.1652019640964693,0.0,0.0,0.0,36.838779341407225
2018-08-25,35.603899029274125,10.406811938591021,38.224074234825494,35.603899029274125,35.603899029274125,-10.968499886318273,-10.968499886318273,-10.968499886318273,-10.968499886318273,-10.968499886318273,-10.968499886318273,0.0,0.0,0.0,24.63539914295585
2018-08-26,35.534220681237485,-1.5217140659766246,24.964905987859552,35.534220681237485,35.534220681237485,-23.34108733987656,-23.34108733987656,-23.34108733987656,-23.34108733987656,-23.34108733987656,-23.34108733987656,0.0,0.0,0.0,12.193133341360927
2018-08-27,35.46454233320085,37.29866904361027,63.149082972844404,35.46454233320085,35.46454233320085,15.266866267701017,15.266866267701017,15.266866267701017,15.266866267701017,15.266866267701017,15.266866267701017,0.0,0.0,0.0,50.73140860090187
2018-08-28,35.39486398520826,30.19115491387852,57.006727383618774,35.39486398520826,35.39486398520826,8.631804642507099,8.631804642507099,8.631804642507099,8.631804642507099,8.631804642507099,8.631804642507099,0.0,0.0,0.0,44.02666862771536
2018-08-29,35.32518563721567,27.859582421518954,56.21203951697235,35.32518563721567,35.32518563721567,7.077521191909328,7.077521191909328,7.077521191909328,7.077521191909328,7.077521191909328,7.077521191909328,0.0,0.0,0.0,42.402706829124995
2018-08-30,35.25550728922308,23.413271449226627,52.23646879112658,35.25550728922308,35.25550728922308,2.1681931599992517,2.1681931599992517,2.1681931599992517,2.1681931599992517,2.1681931599992517,2.1681931599992517,0.0,0.0,0.0,37.42370044922234
2018-08-31,35.18582894123049,23.404711689818093,50.10651634371261,35.18582894123049,35.18582894123049,1.1652019641270854,1.1652019641270854,1.1652019641270854,1.1652019641270854,1.1652019641270854,1.1652019641270854,0.0,0.0,0.0,36.351030905357575
2018-09-01,35.116150593237904,10.356356661141524,39.14282647018167,35.116150593237904,35.116150593237904,-10.968499886321815,-10.968499886321815,-10.968499886321815,-10.968499886321815,-10.968499886321815,-10.968499886321815,0.0,0.0,0.0,24.14765070691609
2018-09-02,35.04647224524531,-2.5269373876218286,25.52672897042443,35.04647224524531,35.04647224524531,-23.34108733988212,-23.34108733988212,-23.34108733988212,-23.34108733988212,-23.34108733988212,-23.34108733988212,0.0,0.0,0.0,11.705384905363193
2018-09-03,34.97679389435324,37.02737052483046,63.64353037209022,34.97679389435324,34.97679389435324,15.266866267624144,15.266866267624144,15.266866267624144,15.266866267624144,15.266866267624144,15.266866267624144,0.0,0.0,0.0,50.24366016197739
2018-09-04,34.907115543461174,29.434995565410347,56.96359297271118,34.907115543461174,34.907115543461174,8.631804642530582,8.631804642530582,8.631804642530582,8.631804642530582,8.631804642530582,8.631804642530582,0.0,0.0,0.0,43.538920185991756
2018-09-05,34.8374371925691,27.906905929695508,55.55140457786563,34.8374371925691,34.8374371925691,7.077521191893474,7.077521191893474,7.077521191893474,7.077521191893474,7.077521191893474,7.077521191893474,0.0,0.0,0.0,41.91495838446257
2018-09-06,34.767758841677036,23.122823948055157,50.960509104721865,34.767758841677036,34.767758841677036,2.168193160015814,2.168193160015814,2.168193160015814,2.168193160015814,2.168193160015814,2.168193160015814,0.0,0.0,0.0,36.93595200169285
2018-09-07,34.69808049078496,21.50599407289876,49.339805025429996,34.69808049078496,34.69808049078496,1.165201964181944,1.165201964181944,1.165201964181944,1.165201964181944,1.165201964181944,1.165201964181944,0.0,0.0,0.0,35.86328245496691
2018-09-08,34.62840213989289,8.946645810601533,37.318227373879786,34.62840213989289,34.62840213989289,-10.968499886330624,-10.968499886330624,-10.968499886330624,-10.968499886330624,-10.968499886330624,-10.968499886330624,0.0,0.0,0.0,23.659902253562265
2018-09-09,34.558723789000815,-2.562226529412003,25.747739885658415,34.558723789000815,34.558723789000815,-23.341087339874377,-23.341087339874377,-23.341087339874377,-23.341087339874377,-23.341087339874377,-23.341087339874377,0.0,0.0,0.0,11.217636449126438
2018-09-10,34.4890454365,36.860618961775266,63.743386820106174,34.4890454365,34.4890454365,15.266866267641971,15.266866267641971,15.266866267641971,15.266866267641971,15.266866267641971,15.266866267641971,0.0,0.0,0.0,49.75591170414197
2018-09-11,34.41936708399918,29.613125051467623,56.922643882185085,34.41936708399918,34.41936708399918,8.631804642505553,8.631804642505553,8.631804642505553,8.631804642505553,8.631804642505553,8.631804642505553,0.0,0.0,0.0,43.051171726504734
2018-09-12,34.34968873149836,28.030287049680968,54.418900371922916,34.34968873149836,34.34968873149836,7.077521191877621,7.077521191877621,7.077521191877621,7.077521191877621,7.077521191877621,7.077521191877621,0.0,0.0,0.0,41.42720992337598
2018-09-13,34.280010378997545,23.54278181884933,50.98588977228661,34.280010378997545,34.280010378997545,2.168193159967468,2.168193159967468,2.168193159967468,2.168193159967468,2.168193159967468,2.168193159967468,0.0,0.0,0.0,36.44820353896501
2018-09-14,34.21033202649672,21.422370161356113,49.491045644217614,34.21033202649672,34.21033202649672,1.165201964161523,1.165201964161523,1.165201964161523,1.165201964161523,1.165201964161523,1.165201964161523,0.0,0.0,0.0,35.37553399065825
2018-09-15,34.14065367399591,9.416252217675238,37.168544925690114,34.14065367399591,34.14065367399591,-10.968499886293921,-10.968499886293921,-10.968499886293921,-10.968499886293921,-10.968499886293921,-10.968499886293921,0.0,0.0,0.0,23.172153787701987
2018-09-16,34.0709753140212,-3.7516837785822483,23.84774063022774,34.0709753140212,34.0709753140212,-23.34108733986664,-23.34108733986664,-23.34108733986664,-23.34108733986664,-23.34108733986664,-23.34108733986664,0.0,0.0,0.0,10.729887974154558
2018-09-17,34.00129695404649,35.12157890936016,62.45886611267762,34.00129695404649,34.00129695404649,15.266866267656713,15.266866267656713,15.266866267656713,15.266866267656713,15.266866267656713,15.266866267656713,0.0,0.0,0.0,49.268163221703205
2018-09-18,33.93161859407178,29.08497789745721,56.65250528126943,33.93161859407178,33.93161859407178,8.631804642497857,8.631804642497857,8.631804642497857,8.631804642497857,8.631804642497857,8.631804642497857,0.0,0.0,0.0,42.56342323656963
2018-09-19,33.86194023409707,26.874080288038957,54.96538170082696,33.86194023409707,33.86194023409707,7.077521191921159,7.077521191921159,7.077521191921159,7.077521191921159,7.077521191921159,7.077521191921159,0.0,0.0,0.0,40.93946142601823
2018-09-20,33.79226187412237,22.461875950955452,51.046269989247136,33.79226187412237,33.79226187412237,2.168193160022571,2.168193160022571,2.168193160022571,2.168193160022571,2.168193160022571,2.168193160022571,0.0,0.0,0.0,35.960455034144935
2018-09-21,33.72258351414766,20.7471035529562,48.89704431336646,33.72258351414766,33.72258351414766,1.1652019641921387,1.1652019641921387,1.1652019641921387,1.1652019641921387,1.1652019641921387,1.1652019641921387,0.0,0.0,0.0,34.887785478339794
2018-09-22,33.65290515020641,8.064599102473995,35.79864482131933,33.65290515020641,33.65290515020641,-10.968499886337703,-10.968499886337703,-10.968499886337703,-10.968499886337703,-10.968499886337703,-10.968499886337703,0.0,0.0,0.0,22.684405263868705
2018-09-23,33.58322678626516,-3.238549829490582,24.465301336641346,33.58322678626516,33.58322678626516,-23.34108733985889,-23.34108733985889,-23.34108733985889,-23.34108733985889,-23.34108733985889,-23.34108733985889,0.0,0.0,0.0,10.242139446406267
2018-09-24,33.5135484223239,35.15466884514697,62.20559488711012,33.5135484223239,33.5135484223239,15.266866267628732,15.266866267628732,15.266866267628732,15.266866267628732,15.266866267628732,15.266866267628732,0.0,0.0,0.0,48.780414689952636
2018-09-25,33.44387005838265,28.220371400755994,55.086284154071265,33.44387005838265,33.44387005838265,8.631804642497086,8.631804642497086,8.631804642497086,8.631804642497086,8.631804642497086,8.631804642497086,0.0,0.0,0.0,42.07567470087974
2018-09-26,33.3741916944414,27.0991174319984,53.786016924054,33.3741916944414,33.3741916944414,7.0775211918631395,7.0775211918631395,7.0775211918631395,7.0775211918631395,7.0775211918631395,7.0775211918631395,0.0,0.0,0.0,40.45171288630454
2018-09-27,33.30451333050015,22.413055650508493,49.24271880718457,33.30451333050015,33.30451333050015,2.1681931600391326,2.1681931600391326,2.1681931600391326,2.1681931600391326,2.1681931600391326,2.1681931600391326,0.0,0.0,0.0,35.47270649053928
2018-09-28,33.2348349665589,20.95108087562434,48.127599804691464,33.2348349665589,33.2348349665589,1.1652019641206806,1.1652019641206806,1.1652019641206806,1.1652019641206806,1.1652019641206806,1.1652019641206806,0.0,0.0,0.0,34.40003693067958
2018-09-29,33.16515659509303,8.606418940431555,37.32622916323621,33.16515659509303,33.16515659509303,-10.968499886346516,-10.968499886346516,-10.968499886346516,-10.968499886346516,-10.968499886346516,-10.968499886346516,0.0,0.0,0.0,22.196656708746517
2018-09-30,33.09547822362716,-3.669397184033418,24.034425623667097,33.09547822362716,33.09547822362716,-23.34108733986446,-23.34108733986446,-23.34108733986446,-23.34108733986446,-23.34108733986446,-23.34108733986446,0.0,0.0,0.0,9.754390883762703
2018-10-01,33.025799852161285,34.80515602150237,61.807270882534,33.025799852161285,33.025799852161285,15.266866267645014,15.266866267645014,15.266866267645014,15.266866267645014,15.266866267645014,15.266866267645014,0.0,0.0,0.0,48.2926661198063
2018-10-02,32.956121480695415,28.189293092258133,55.236456467109086,32.956121480695415,32.956121480695415,8.631804642472058,8.631804642472058,8.631804642472058,8.631804642472058,8.631804642472058,8.631804642472058,0.0,0.0,0.0,41.58792612316748
2018-10-03,32.886443109229546,26.251001531033825,53.70965620059735,32.886443109229546,32.886443109229546,7.07752119188945,7.07752119188945,7.07752119188945,7.07752119188945,7.07752119188945,7.07752119188945,0.0,0.0,0.0,39.963964301119
2018-10-04,32.81676473776366,21.794586859898054,49.490061762905526,32.81676473776366,32.81676473776366,2.168193160042511,2.168193160042511,2.168193160042511,2.168193160042511,2.168193160042511,2.168193160042511,0.0,0.0,0.0,34.984957897806176
2018-10-05,32.74708636592362,19.442614690800646,48.172595760073484,32.74708636592362,32.74708636592362,1.1652019641755365,1.1652019641755365,1.1652019641755365,1.1652019641755365,1.1652019641755365,1.1652019641755365,0.0,0.0,0.0,33.91228833009916
2018-10-06,32.67740799408357,7.779100443652029,36.15430197570894,32.67740799408357,32.67740799408357,-10.968499886350052,-10.968499886350052,-10.968499886350052,-10.968499886350052,-10.968499886350052,-10.968499886350052,0.0,0.0,0.0,21.70890810773352
2018-10-07,32.607729622243525,-5.0171035157076975,23.30500162211759,32.607729622243525,32.607729622243525,-23.341087339912974,-23.341087339912974,-23.341087339912974,-23.341087339912974,-23.341087339912974,-23.341087339912974,0.0,0.0,0.0,9.266642282330551
2018-10-08,32.538051250403484,33.583929135683654,62.6585821419047,32.538051250403484,32.538051250403484,15.2668662676613,15.2668662676613,15.2668662676613,15.2668662676613,15.2668662676613,15.2668662676613,0.0,0.0,0.0,47.804917518064784
2018-10-09,32.468372878563436,27.600376131217253,55.093399788296864,32.468372878563436,32.468372878563436,8.631804642495542,8.631804642495542,8.631804642495542,8.631804642495542,8.631804642495542,8.631804642495542,0.0,0.0,0.0,41.10017752105898
2018-10-10,32.39869450672339,26.204189936014853,53.44853138897946,32.39869450672339,32.39869450672339,7.077521191932986,7.077521191932986,7.077521191932986,7.077521191932986,7.077521191932986,7.077521191932986,0.0,0.0,0.0,39.476215698656375
2018-10-11,32.32901613488335,20.989432944327067,48.7099985531705,32.32901613488335,32.32901613488335,2.168193160007349,2.168193160007349,2.168193160007349,2.168193160007349,2.168193160007349,2.168193160007349,0.0,0.0,0.0,34.497209294890695
2018-10-12,32.2593377630433,20.010665193679618,46.86735572810807,32.2593377630433,32.2593377630433,1.165201964155117,1.165201964155117,1.165201964155117,1.165201964155117,1.165201964155117,1.165201964155117,0.0,0.0,0.0,33.424539727198415
2018-10-13,32.18965939120325,6.7347329303336565,35.517441517425475,32.18965939120325,32.18965939120325,-10.968499886393836,-10.968499886393836,-10.968499886393836,-10.968499886393836,-10.968499886393836,-10.968499886393836,0.0,0.0,0.0,21.221159504809414
2018-10-14,32.1199810193632,-5.089345451130977,22.334548660404394,32.1199810193632,32.1199810193632,-23.341087339883753,-23.341087339883753,-23.341087339883753,-23.341087339883753,-23.341087339883753,-23.341087339883753,0.0,0.0,0.0,8.778893679479449
2018-10-15,32.05030264752316,33.278591516313796,61.36348213239939,32.05030264752316,32.05030264752316,15.266866267631773,15.266866267631773,15.266866267631773,15.266866267631773,15.266866267631773,15.266866267631773,0.0,0.0,0.0,47.31716891515494
2018-10-16,31.980624275683113,26.231595307405758,54.40097010444278,31.980624275683113,31.980624275683113,8.631804642487845,8.631804642487845,8.631804642487845,8.631804642487845,8.631804642487845,8.631804642487845,0.0,0.0,0.0,40.612428918170956
2018-10-17,31.910945903843068,25.172454018902418,53.43495500811409,31.910945903843068,31.910945903843068,7.077521191892195,7.077521191892195,7.077521191892195,7.077521191892195,7.077521191892195,7.077521191892195,0.0,0.0,0.0,38.98846709573526
2018-10-18,31.84126753200302,20.173910817499277,47.09758571131887,31.84126753200302,31.84126753200302,2.168193160023911,2.168193160023911,2.168193160023911,2.168193160023911,2.168193160023911,2.168193160023911,0.0,0.0,0.0,34.009460692026934
2018-10-19,31.771589160162975,18.703396048103357,46.34744686735521,31.771589160162975,31.771589160162975,1.1652019641346951,1.1652019641346951,1.1652019641346951,1.1652019641346951,1.1652019641346951,1.1652019641346951,0.0,0.0,0.0,32.93679112429767
2018-10-20,31.701910788322927,6.96866613105368,34.64309202335054,31.701910788322927,31.701910788322927,-10.968499886357133,-10.968499886357133,-10.968499886357133,-10.968499886357133,-10.968499886357133,-10.968499886357133,0.0,0.0,0.0,20.733410901965794
2018-10-21,31.63223241648288,-5.070248160383639,21.617101675672206,31.63223241648288,31.63223241648288,-23.34108733993227,-23.34108733993227,-23.34108733993227,-23.34108733993227,-23.34108733993227,-23.34108733993227,0.0,0.0,0.0,8.29114507655061
2018-10-22,31.562554044642837,31.918287605460723,60.397550316263654,31.562554044642837,31.562554044642837,15.266866267649599,15.266866267649599,15.266866267649599,15.266866267649599,15.266866267649599,15.266866267649599,0.0,0.0,0.0,46.829420312292434
2018-10-23,31.492875672802786,26.426454118499823,52.95979574315374,31.492875672802786,31.492875672802786,8.631804642487072,8.631804642487072,8.631804642487072,8.631804642487072,8.631804642487072,8.631804642487072,0.0,0.0,0.0,40.12468031528986
2018-10-24,31.423197300962745,24.694180962452943,51.3880443772454,31.423197300962745,31.423197300962745,7.077521191918507,7.077521191918507,7.077521191918507,7.077521191918507,7.077521191918507,7.077521191918507,0.0,0.0,0.0,38.50071849288125
2018-10-25,31.353518929122693,19.318617918359745,47.2683601078762,31.353518929122693,31.353518929122693,2.168193159988749,2.168193159988749,2.168193159988749,2.168193159988749,2.168193159988749,2.168193159988749,0.0,0.0,0.0,33.52171208911144
2018-10-26,31.28384055728265,18.89531764203526,46.63854185763261,31.28384055728265,31.28384055728265,1.1652019641385143,1.1652019641385143,1.1652019641385143,1.1652019641385143,1.1652019641385143,1.1652019641385143,0.0,0.0,0.0,32.44904252142116
2018-10-27,31.2141621854426,5.885745961009709,34.16459601740685,31.2141621854426,31.2141621854426,-10.968499886365942,-10.968499886365942,-10.968499886365942,-10.968499886365942,-10.968499886365942,-10.968499886365942,0.0,0.0,0.0,20.245662299076656
2018-10-28,31.14448381360256,-6.38909108671326,20.631515786506203,31.14448381360256,31.14448381360256,-23.341087339903055,-23.341087339903055,-23.341087339903055,-23.341087339903055,-23.341087339903055,-23.341087339903055,0.0,0.0,0.0,7.803396473699504
2018-10-29,31.074805441762507,32.278081824446666,61.75323419154229,31.074805441762507,31.074805441762507,15.266866267665883,15.266866267665883,15.266866267665883,15.266866267665883,15.266866267665883,15.266866267665883,0.0,0.0,0.0,46.34167170942839
2018-10-30,31.005127069922466,27.035189467271362,54.72234578610669,31.005127069922466,31.005127069922466,8.631804642486298,8.631804642486298,8.631804642486298,8.631804642486298,8.631804642486298,8.631804642486298,0.0,0.0,0.0,39.63693171240877
2018-10-31,30.935448698082418,24.71832622473014,51.30434382918213,30.935448698082418,30.935448698082418,7.077521191877714,7.077521191877714,7.077521191877714,7.077521191877714,7.077521191877714,7.077521191877714,0.0,0.0,0.0,38.01296988996013
2018-11-01,30.86577032624237,19.00308125831103,46.81916549210426,30.86577032624237,30.86577032624237,2.1681931600438515,2.1681931600438515,2.1681931600438515,2.1681931600438515,2.1681931600438515,2.1681931600438515,0.0,0.0,0.0,33.03396348628622
2018-11-02,30.796091954402325,17.64304530742969,45.986882127288695,30.796091954402325,30.796091954402325,1.1652019641691305,1.1652019641691305,1.1652019641691305,1.1652019641691305,1.1652019641691305,1.1652019641691305,0.0,0.0,0.0,31.961293918571457
2018-11-03,30.726413582562284,6.256283095933268,33.501062475168666,30.726413582562284,30.726413582562284,-10.968499886294262,-10.968499886294262,-10.968499886294262,-10.968499886294262,-10.968499886294262,-10.968499886294262,0.0,0.0,0.0,19.75791369626802
2018-11-04,30.656735210722232,-7.582398949789743,20.907728589972326,30.656735210722232,30.656735210722232,-23.341087339873834,-23.341087339873834,-23.341087339873834,-23.341087339873834,-23.341087339873834,-23.341087339873834,0.0,0.0,0.0,7.315647870848398
2018-11-05,30.58705683888219,30.98714958506063,59.237348973804565,30.58705683888219,30.58705683888219,15.266866267683708,15.266866267683708,15.266866267683708,15.266866267683708,15.266866267683708,15.266866267683708,0.0,0.0,0.0,45.8539231065659
2018-11-06,30.51737846704214,25.330204701170643,52.81224848297848,30.51737846704214,30.51737846704214,8.631804642502859,8.631804642502859,8.631804642502859,8.631804642502859,8.631804642502859,8.631804642502859,0.0,0.0,0.0,39.149183109545
2018-11-07,30.447700095202098,23.8028885352786,51.24300251441196,30.447700095202098,30.447700095202098,7.077521191904023,7.077521191904023,7.077521191904023,7.077521191904023,7.077521191904023,7.077521191904023,0.0,0.0,0.0,37.52522128710612
2018-11-08,30.378021723362046,18.586762762541355,46.647668856991054,30.378021723362046,30.378021723362046,2.168193160008689,2.168193160008689,2.168193160008689,2.168193160008689,2.168193160008689,2.168193160008689,0.0,0.0,0.0,32.54621488337074
2018-11-09,30.308343351522,17.465088795608033,44.877422462827035,30.308343351522,30.308343351522,1.1652019641487108,1.1652019641487108,1.1652019641487108,1.1652019641487108,1.1652019641487108,1.1652019641487108,0.0,0.0,0.0,31.473545315670712
2018-11-10,30.238664979681957,4.716385799708373,32.41663510427014,30.238664979681957,30.238664979681957,-10.968499886338044,-10.968499886338044,-10.968499886338044,-10.968499886338044,-10.968499886338044,-10.968499886338044,0.0,0.0,0.0,19.270165093343913
2018-11-11,30.16898660784191,-7.153610670365076,20.7173936131234,30.16898660784191,30.16898660784191,-23.34108733992235,-23.34108733992235,-23.34108733992235,-23.34108733992235,-23.34108733992235,-23.34108733992235,0.0,0.0,0.0,6.827899267919559
2018-11-12,30.099308236001864,30.79649823228391,59.08707907305618,30.099308236001864,30.099308236001864,15.266866267652643,15.266866267652643,15.266866267652643,15.266866267652643,15.266866267652643,15.266866267652643,0.0,0.0,0.0,45.366174503654506
2018-11-13,30.029629864161816,25.056231087366577,51.65763717109715,30.029629864161816,30.029629864161816,8.63180464247783,8.63180464247783,8.63180464247783,8.63180464247783,8.63180464247783,8.63180464247783,0.0,0.0,0.0,38.661434506639644
2018-11-14,29.95995149232177,23.035390815515054,50.562527063906714,29.95995149232177,29.95995149232177,7.077521191888171,7.077521191888171,7.077521191888171,7.077521191888171,7.077521191888171,7.077521191888171,0.0,0.0,0.0,37.037472684209945
2018-11-15,29.89027312048173,18.475181233640892,45.76956309262224,29.89027312048173,29.89027312048173,2.1681931599735274,2.1681931599735274,2.1681931599735274,2.1681931599735274,2.1681931599735274,2.1681931599735274,0.0,0.0,0.0,32.05846628045526
2018-11-16,29.82059474864168,17.67127498800106,45.37146855513077,29.820586902972305,29.820639090603642,1.1652019641793288,1.1652019641793288,1.1652019641793288,1.1652019641793288,1.1652019641793288,1.1652019641793288,0.0,0.0,0.0,30.985796712821006
2018-11-17,29.750916376801634,5.2948236029009,31.945563933039082,29.75082795352623,29.751040140072107,-10.968499886306612,-10.968499886306612,-10.968499886306612,-10.968499886306612,-10.968499886306612,-10.968499886306612,0.0,0.0,0.0,18.782416490495024
2018-11-18,29.681238004961585,-7.614539278391504,19.560845692241138,29.681019266123073,29.681518623007126,-23.341087339893136,-23.341087339893136,-23.341087339893136,-23.341087339893136,-23.341087339893136,-23.341087339893136,0.0,0.0,0.0,6.34015066506845
2018-11-19,29.61155963312154,29.97287251668976,58.59559445843014,29.61120268720524,29.612015011464962,15.26686626767047,15.26686626767047,15.26686626767047,15.26686626767047,15.26686626767047,15.26686626767047,0.0,0.0,0.0,44.87842590079201
2018-11-20,29.541881261281496,25.04709802724757,51.3885420460388,29.541264650961992,29.54260296045108,8.631804642518645,8.631804642518645,8.631804642518645,8.631804642518645,8.631804642518645,8.631804642518645,0.0,0.0,0.0,38.17368590380014
2018-11-21,29.472202889441448,23.23376917182108,50.127931619719284,29.471353790293705,29.47321211502532,7.077521191914482,7.077521191914482,7.077521191914482,7.077521191914482,7.077521191914482,7.077521191914482,0.0,0.0,0.0,36.54972408135593
2018-11-22,29.402524517601403,17.85822956297164,44.2525112929322,29.401394938660246,29.403767209335747,2.1681931600286295,2.1681931600286295,2.1681931600286295,2.1681931600286295,2.1681931600286295,2.1681931600286295,0.0,0.0,0.0,31.570717677630032
2018-11-23,29.332846145761355,17.161236442053124,44.62163850846824,29.33141770244979,29.33441021801454,1.1652019641321087,1.1652019641321087,1.1652019641321087,1.1652019641321087,1.1652019641321087,1.1652019641321087,0.0,0.0,0.0,30.498048109893464
2018-11-24,29.26316777392131,3.9102174790862914,31.954353498896367,29.261428046201488,29.264969476219303,-10.96849988631015,-10.96849988631015,-10.96849988631015,-10.96849988631015,-10.96849988631015,-10.96849988631015,0.0,0.0,0.0,18.294667887611162
2018-11-25,29.193489402081262,-8.117506875679014,19.254870490952733,29.19146993850685,29.195642126961182,-23.34108733988539,-23.34108733988539,-23.34108733988539,-23.34108733988539,-23.34108733988539,-23.34108733988539,0.0,0.0,0.0,5.852402062195871
2018-11-26,29.123811030241217,30.31554357479949,58.25046230911125,29.12146004094237,29.126273725205163,15.266866267688297,15.266866267688297,15.266866267688297,15.266866267688297,15.266866267688297,15.266866267688297,0.0,0.0,0.0,44.390677297929514
2018-11-27,29.054132658401173,23.659087825683716,51.484747998217806,29.051425509104362,29.056908236163334,8.631804642510946,8.631804642510946,8.631804642510946,8.631804642510946,8.631804642510946,8.631804642510946,0.0,0.0,0.0,37.685937300912116
2018-11-28,28.984454286561125,23.17251379271769,49.77060811529929,28.981440193135235,28.987592208799395,7.077521191915854,7.077521191915854,7.077521191915854,7.077521191915854,7.077521191915854,7.077521191915854,0.0,0.0,0.0,36.06197547847698
2018-11-29,28.914775914721076,18.121013980999702,45.6853980641526,28.911412463575648,28.918309144477828,2.168193159993468,2.168193159993468,2.168193159993468,2.168193159993468,2.168193159993468,2.168193159993468,0.0,0.0,0.0,31.082969074714544
2018-11-30,28.84509754288103,16.893263000391354,43.749279045566304,28.841403996869612,28.849083171301956,1.1652019641359272,1.1652019641359272,1.1652019641359272,1.1652019641359272,1.1652019641359272,1.1652019641359272,0.0,0.0,0.0,30.01029950701696
2018-12-01,28.775419171040983,3.786078879603377,31.861398023982503,28.77133628683207,28.77972441157004,-10.968499886313692,-10.968499886313692,-10.968499886313692,-10.968499886313692,-10.968499886313692,-10.968499886313692,0.0,0.0,0.0,17.806919284727293
2018-12-02,28.705740799200935,-8.611140373390494,19.72290539394821,28.70114809944993,28.710413026805316,-23.341087339856173,-23.341087339856173,-23.341087339856173,-23.341087339856173,-23.341087339856173,-23.341087339856173,0.0,0.0,0.0,5.364653459344762
2018-12-03,28.63606242736089,29.725606600562674,56.93415536593121,28.631199392788304,28.641062274010654,15.26686626765723,15.26686626765723,15.26686626765723,15.26686626765723,15.26686626765723,15.26686626765723,0.0,0.0,0.0,43.90292869501812
2018-12-04,28.566384055520846,23.087524979045195,50.9851176601177,28.561013621292375,28.571914250705763,8.63180464253443,8.63180464253443,8.63180464253443,8.63180464253443,8.63180464253443,8.63180464253443,0.0,0.0,0.0,37.198188698055276
2018-12-05,28.496705683680798,21.614376508293777,49.53885500327754,28.490997486555614,28.5026278192755,7.0775211919,7.0775211919,7.0775211919,7.0775211919,7.0775211919,7.0775211919,0.0,0.0,0.0,35.5742268755808
2018-12-06,28.427027311840753,17.017593927591843,45.12432670107965,28.4208423646327,28.433450526861563,2.1681931600100297,2.1681931600100297,2.1681931600100297,2.1681931600100297,2.1681931600100297,2.1681931600100297,0.0,0.0,0.0,30.595220471850784
2018-12-07,28.357348940000705,16.571604677029118,43.59040899386386,28.35063021131916,28.36427905948942,1.1652019641155058,1.1652019641155058,1.1652019641155058,1.1652019641155058,1.1652019641155058,1.1652019641155058,0.0,0.0,0.0,29.522550904116212
2018-12-08,28.28767056816066,3.9740111713038324,31.495433630710775,28.28046855178053,28.29503600475932,-10.9684998863225,-10.9684998863225,-10.9684998863225,-10.9684998863225,-10.9684998863225,-10.9684998863225,0.0,0.0,0.0,17.31917068183816
2018-12-09,28.217992196320616,-8.79294046349749,18.09806402086765,28.210269224064824,28.225810369767746,-23.341087339883213,-23.341087339883213,-23.341087339883213,-23.341087339883213,-23.341087339883213,-23.341087339883213,0.0,0.0,0.0,4.8769048564374025
2018-12-10,28.14831382448057,29.979966506267015,56.21082975353485,28.14008587767174,28.156429016665705,15.266866267675052,15.266866267675052,15.266866267675052,15.266866267675052,15.266866267675052,15.266866267675052,0.0,0.0,0.0,43.41518009215562
2018-12-11,28.078635452640523,23.406489092858134,50.89032102116806,28.069774188318387,28.087272371623616,8.631804642509403,8.631804642509403,8.631804642509403,8.631804642509403,8.631804642509403,8.631804642509403,0.0,0.0,0.0,36.71044009514993
2018-12-12,28.00895708080048,21.988168467717525,48.62884120465642,27.999493355614703,28.018083380351747,7.077521191884145,7.077521191884145,7.077521191884145,7.077521191884145,7.077521191884145,7.077521191884145,0.0,0.0,0.0,35.08647827268463
2018-12-13,27.93927870896043,15.898819080929416,43.64206901997756,27.929294789153534,27.9488533032572,2.168193159974868,2.168193159974868,2.168193159974868,2.168193159974868,2.168193159974868,2.168193159974868,0.0,0.0,0.0,30.1074718689353
2018-12-14,27.86960033712039,16.09212613209506,42.55026463660411,27.859228212800137,27.87952912793003,1.1652019641703637,1.1652019641703637,1.1652019641703637,1.1652019641703637,1.1652019641703637,1.1652019641703637,0.0,0.0,0.0,29.034802301290753
